{
  "Abidjan": "Africa/Abidjan",
  "Accra": "Africa/Accra",
  "Addis Ababa": "Africa/Addis_Ababa",
  "Algiers": "Africa/Algiers",
  "Asmara": "Africa/Asmara",
  "Asmera": "Africa/Asmera",
  "Bamako": "Africa/Bamako",
  "Bangui": "Africa/Bangui",
  "Banjul": "Africa/Banjul",
  "Bissau": "Africa/Bissau",
  "Blantyre": "Africa/Blantyre",
  "Brazzaville": "Africa/Brazzaville",
  "Bujumbura": "Africa/Bujumbura",
  "Cairo": "Africa:Cairo",
  "Casablanca": "Africa/Casablanca",
  "Ceuta": "Africa/Ceuta",
  "Conakry": "Africa/Conakry",
  "Dakar": "Africa/Dakar",
  "Dar es Salaam": "Africa/Dar_es_Salaam",
  "Djibouti": "Africa/Djibouti",
  "Douala": "Africa/Douala",
  "El Aaiun": "Africa/El_Aaiun",
  "Freetown": "Africa/Freetown",
  "Gaborone": "Africa/Gaborone",
  "Harare": "Africa/Harare",
  "Johannesburg": "Africa/Johannesburg",
  "Juba": "Africa/Juba",
  "Kampala": "Africa/Kampala",
  "Khartoum": "Africa/Khartoum",
  "Kigali": "Afirca/Kigali",
  "Kinshasa": "Africa/Kinshasa",
  "Lagos": "Africa/Lagos",
  "Libreville": "Africa/Libreville",
  "Lome": "Africa/Lome",
  "Luanda": "Africa/Luanda",
  "Lubumbashi": "Africa/Lubumbashi",
  "Lusaka": "Africa/Lusaka",
  "Malabo": "Africa/Malabo",
  "Maputo": "Africa/Maputo",
  "Maseru": "Africa/Maseru",
  "Mbabane": "Africa/Mbabane",
  "Mogadishu": "Africa/Mogadishu",
  "Monrovia": "Africa/Monrovia",
  "Nairobi": "Africa/Nairobi",
  "Ndjamena": "Africa/Ndjamena",
  "Niamey": "Africa/Niamey",
  "Nouakchott": "Africa/Nouakchott",
  "Ouagadougou": "Africa/Ouagadougou",
  "Porto-Novo": "Africa/Porto-Novo",
  "Sao Tome": "Africa/Sao_Tome",
  "Timbuktu": "Africa/Timbuktu",
  "Tripoli": "Africa/Tripoli",
  "Tunis": "Africa/Tunis",
  "Windhoek": "Africa/Windhoek",
  "Adak": "America/Adak",
  "Anchorage": "America/Anchorage",
  "Anguilla": "America/Anguilla",
  "Antigua": "America/Antigua",
  "Araguaina": "America/Araguaina",
  "Buenos Aires": "America/Argentina/Buenos_Aires",
  "Catamarca": "America/Argentina/Catamarca",
  "Comodoro Rivadavia": "America/Argentina/ComodRivadavia",
  "Cordoba": "America/Argentina/Cordoba",
  "Jujuy": "America/Argentina/Jujuy",
  "La Rioja": "America/Argentina/La_Rioja",
  "Mendoza": "America/Argentina/Mendoza",
  "Rio Gallegos": "America/Argentina/Rio_Gallegos",
  "Salta": "America/Argentina/Salta",
  "San Juan": "America/Argentina/San_Juan",
  "San Luis": "America/Argentina/San_Luis",
  "Tucuman": "America/Argentina/Tucuman",
  "Ushuaia": "America/Argentina/Ushuaia",
  "Aruba": "America/Aruba",
  "Asuncion": "America/Asuncion",
  "Atikokan": "America/Atikokan",
  "Atka": "America/Atka",
  "Bahia": "America/Bahia",
  "Bahia de Banderas": "America/Bahia_Banderas",
  "Barbados": "America/Barbados",
  "Belem": "America/Belem",
  "Belize": "America/Belize",
  "Blanc-Sablon": "America/Blanc-Sablon",
  "Boa Vista": "America/Boa_Vista",
  "Bogota": "America/Bogota",
  "Boise": "America/Boise",
  "Cambridge_Bay": "America/Cambridge_Bay",
  "Campo Grande": "America/Campo_Grande",
  "Cancun": "America/Cancun",
  "Caracas": "America/Caracas",
  "Cayenne": "America/Cayenne",
  "Cayman": "America/Cayman",
  "Chicago": "America/Chicago",
  "Chihuahua": "America/Chihuahua",
  "Coral Harbor": "America/Coral_Harbor",
  "Costa Rica": "America/Costa_Rica",
  "Creston": "America/Creston",
  "Cuiaba": "America/Cuiaba",
  "Curacao": "America/Curacao",
  "Danmarkshavn": "America/Danmarkshavn",
  "Dawson": "America/Dawson",
  "Dawson Creek": "America/Dawson_Creek",
  "Denver": "America/Denver",
  "Detroit": "America/Detroit",
  "Dominica": "America/Dominica",
  "Edmonton": "America/Edmonton",
  "Eirunepe": "America/Eirunepe",
  "El Salvador": "America/El_Salvador",
  "Ensenada": "America/Ensenada",
  "Fort Nelson": "America/Fort_Nelson",
  "Fort Wayne": "America/Fort_Wayne",
  "Fortaleza": "America/Fortaleza",
  "Glace Bay": "America/Glaze_Bay",
  "Godthab": "America/Godthab",
  "Goose Bay": "America/Goose_Bay",
  "Grand Turk": "America/Grand_Turk",
  "Grenada": "America/Grenada",
  "Guadeloupe": "America/Guadeloupe",
  "Guatemala": "America/Guatemala",
  "Guayaquil": "America/Guayaquil",
  "Guyana": "America/Guyana",
  "Halifax": "America/Halifax",
  "Havana": "America/Havana",
  "Hermosillo": "America/Hermosillo",
  "Indianapolis": "America/Indianapolis",
  "Knox": "America/Indiana/Knox",
  "Marengo": "America/Indiana/Marengo",
  "Petersburg": "America/Indiana/Petersburg",
  "Tell City": "America/Indiana/Tell_City",
  "Vevay": "America/Indiana/Vevay",
  "Vincennes": "America/Indiana/Vincennes",
  "Winamac": "America/Indiana/Winamac",
  "Inuvik": "America/Inuvik",
  "Iqaluit": "America/Iqaluit",
  "Jamaica": "America/Jamaica",
  "Juneau": "America/Juneau",
  "Louisville": "America/Louisville",
  "Monticello": "America/Kentucky/Louisville",
  "Kralendijk": "America/Kralendijk",
  "La Paz": "America/La_Paz",
  "Lima": "America/LIma",
  "Los Angeles": "America/Los_Angeles",
  "Lower Princes": "America/Lower_Princes",
  "Maceio": "America/Maceio",
  "Managua": "America/Managua",
  "Manaus": "America/Manaus",
  "Marigot": "America/Marigot",
  "Martinique": "America/Martinique",
  "Matamoros": "America/Matamoros",
  "Mazatlan": "America/Mazatlan",
  "Menominee": "America/Menominee",
  "Merida": "America/Merida",
  "Metlakatla": "America/Metlakatla",
  "Mexico City": "America/Mexico_City",
  "Miquelon": "America/Miquelon",
  "Moncton": "America/Moncton",
  "Monterrey": "America/Monterrey",
  "Montevideo": "America/Montevideo",
  "Montreal": "America/Montreal",
  "Montserrat": "America/Montserrat",
  "Nassau": "America/Nassau",
  "New York": "America/New_York",
  "Nipigon": "America/Nipigon",
  "Nome": "America/Nome",
  "Noronha": "America/Noronha",
  "Beulah": "America/North_Dakota/Beulah",
  "Center": "America/North_Dakota/Center",
  "New Salem": "America/North_Dakota/New_Salem",
  "Ojinaga": "America/Ojinaga",
  "Panama": "America/Panama",
  "Pangnirtung": "America/Pangnirtung",
  "Paramaribo": "America/Paramaribo",
  "Phoenix": "America/Phoenix",
  "Port-au-Prince": "America/Port-au-Prince",
  "Port of Spain": "America/Port_of_Spain",
  "Porto Acre": "America/Porto_Acre",
  "Porto Velho": "America/Porto_Velho",
  "Puerto Rico": "America/Puerto_Rico",
  "Rainy River": "America/Rainy_River",
  "Rankin Inlet": "America/Rankin_Inlet",
  "Recife": "America/Recife",
  "Regina": "America/Regina",
  "Resolute": "America/Resolute",
  "Rio Branco": "America/Rio_Branco",
  "Rosario": "America/Rosario",
  "Santa Isabel": "America/Santa_Isabel",
  "Santarem": "America/Santarem",
  "Santiago": "America/Santiago",
  "Santo Domingo": "America/Santo_Domingo",
  "Sao Paulo": "America/Sao_Paulo",
  "Scoresbysund": "America/Scoresbysund",
  "Shiprock": "America/Shiprock",
  "Sitka": "America/Sitka",
  "St Barthelemy": "America/St_Barthelemy",
  "St Johns": "America/St_Johns",
  "St Kitts": "America/St_Kitts",
  "St Lucia": "America/St_Lucia",
  "St Thomas": "America/St_Thomas",
  "St Vincent": "America/St_Vincent",
  "Swift Current": "America/Swift_Current",
  "Tegucigalpa": "America/Tegucigalpa",
  "Thule": "America/Thule",
  "Thunder Bay": "America/Thunder_Bay",
  "Tijuana": "America/Tijuana",
  "Toronto": "America/Toronto",
  "Tortola": "America/Tortola",
  "Vancouver": "America/Vancouver",
  "Virgin": "America/Virgin",
  "Whitehorse": "America/Whitehorse",
  "Winnipeg": "America/Winnipeg",
  "Yakutat": "America/Yakutat",
  "Yellowknife": "America/Yellowknife",
  "Casey": "Antarctica/Casey",
  "Davis": "Antarctica/Davis",
  "DumontDUrville": "Antarctica/DumontDUrville",
  "Macquarie": "Antarctica/Macquarie",
  "Mawson": "Antarctica/Mawson",
  "McMurdo": "Antarctica/McMurdo",
  "Palmer": "Antarctica/Palmer",
  "Rothera": "Antarctica/Rothera",
  "South Pole": "Antarctica/South_Pole",
  "Syowa": "Antarctica/Syowa",
  "Troll": "Antarctica/Troll",
  "Vostok": "Antarctica/Vostok",
  "Longyearbyen": "Arctic/Longyearbyen",
  "Aden": "Asia/Aden",
  "Almaty": "Asia/Almaty",
  "Amman": "Asia/Amman",
  "Anadyr": "Asia/Anadyr",
  "Aqtau": "Asia/Aqtau",
  "Aqtobe": "Asia/Aqtobe",
  "Ashgabat": "Asia/Ashgabat",
  "Ashkhabad": "Asia/Ashkhabad",
  "Baghdad": "Asia/Baghdad",
  "Bahrain": "Asia/Bahrain",
  "Baku": "Asia/Baku",
  "Bangkok": "Asia/Bangkok",
  "Barnaul": "Asia/Barnaul",
  "Beirut": "Asia/Beirut",
  "Bishkek": "Asia/Bishkek",
  "Brunei": "Asia/Brunei",
  "Calcutta": "Asia/Calcutta",
  "Chita": "Asia/Chita",
  "Choibalsan": "Asia/Choibalsan",
  "Chongqing": "Asia/Chongqing",
  "Chungking": "Asia/Chungking",
  "Colombo": "Asia/Colombo",
  "Dacca": "Asia/Dacca",
  "Damascus": "Asia/Damascus",
  "Dhaka": "Asia/Dhaka",
  "Dili": "Asia/Dili",
  "Dubai": "Asia/Dubai",
  "Dushanbe": "Asia/Dushanbe",
  "Gaza": "Asia/Gaza",
  "Harbin": "Asia/Harbin",
  "Hebron": "Asia/Hebron",
  "Ho Chi Minh City": "Asia/Ho_Chi_Minh",
  "Hong Kong": "Asia/Hong_Kong",
  "Hovd": "Asia/Hovd",
  "Irkutsk": "Asia/Irkutsk",
  "Istanbul": "Asia/Istanbul",
  "Jakarta": "Asia/Jakarta",
  "Jayapura": "Asia/Jayapura",
  "Jerusalem": "Asia/Jerusalem",
  "Kabul": "Asia/Kabul",
  "Kamchatka": "Asia/Kamchatka",
  "Karachi": "Asia/Karachi",
  "Kashgar": "Asia/Kashgar",
  "Kathmandu": "Asia/Kathmandu",
  "Katmandu": "Asia/Katmandu",
  "Khandyga": "Asia/Khandyga",
  "Kolkata": "Asia/Kolkata",
  "Krasnoyarsk": "Asia/Krasnoyarsk",
  ""
}